#parse("include/usr_vars.txt")##
#set($value = $Values.get("Employee Morale[$departmentID]").Result)
#set($value = $value * 100)

<chart 
	caption="Employee Morale" 
	lowerLimit="0" 
	upperLimit="100"
	baseFontSize="10"
	baseFontColor="333333"
	canvasBorderThickness="1"
	canvasBorderColor="333333"
	canvasBorderAlpha="100"
	showBorder="0"
	bgColor="FFFFFF"
	bgAlpha="0"
	showValues="0"
	chartLeftMargin="20"
	chartBottomMargin="40"
	chartRightMargin="20"
	chartTopMargin="10"
	ticksBelowGauge="0"
	numberSuffix="%"
>
<colorRange>
  <color minValue="0" maxValue="33" code="$MSGraphColors.get(1)" label="Bad"/>
  <color minValue="33" maxValue="66" code="$MSGraphColors.get(3)" label="Moderate"/>
  <color minValue="66" maxValue="100" code="$MSGraphColors.get(5)" label="Good"/>
</colorRange>
<pointers>
	<pointer value="$Formatter.number($value,'##')" />
</pointers>



</chart> 
