#parse('include/usr_vars.txt')##

<chart 
	caption="Employees hired and turnover"
        decimalPrecision="0"
        howFCMenuItem="0"
        showPlotBorder="1"
        baseFontSize="10"
        baseFontColor="333333"
        showDivLineValues="1"
        numDivLines="4"
        showAlternateHGridColor="0"
        canvasBorderThickness="1"
        canvasBorderColor="333333"
        canvasBorderAlpha="100"
        showBorder="0"
        showLegend="1"
		legendPosition="right"
		legendBorderThickness="0"
		legendBorderColor="#ffffff"
		legendShadow="0"
        formatNumberScale="1"
        bgColor="FFFFFF"
        showValues="0"
        chartLeftMargin="0"
        chartBottomMargin="10"
        chartRightMargin="0"
        chartTopMargin="10"
        slantLabels="0"
        rotateLabels="0"
>

		<categories>
		#foreach($step in [0..$endStep])
			#if($step == 0 || $step == 4 || $step == 8 || $step == 12)
				#set($label = $step + 2015)
			#else
				#set($label = "")
			#end
			<category name="$label" hoverText="Year $label"/>
		#end
		</categories>

   <dataset seriesname="Hires" 
          showValues="0" 
          drawAnchors="1" 
          anchorBgColor="$lineGraphColors.get(1)"
          anchorRadius="2" 
          color="$lineGraphColors.get(1)" 
          lineThickness="1">

		#foreach($step in [$periodStep..$currentStep])
			<set value="$Formatter.number($Values.get("Total Hires[$departmentID]").getResult($step), '#')"  
			   toolText="$Formatter.number($Values.get("Total Hires[$departmentID]").getResult($step), '#') Employees Hired"
			/>
		#end
   </dataset>
   
   <dataset seriesname="Turnover" 
          showValues="0" 
          drawAnchors="1" 
          anchorBgColor="$lineGraphColors.get(2)"
          anchorRadius="2" 
          color="$lineGraphColors.get(2)" 
          lineThickness="1">

		#foreach($item in [$periodStep..$currentStep])
			#set($turnover = $Values.get("Employee Turnover[$departmentID]").getResult($item))
			<set value="$Formatter.number($turnover, '#')" toolText="$Formatter.number($turnover, '#') Employees" />
		#end
   </dataset>




</chart> 
