#parse('include/usr_vars.txt')##
#set($product = $Lib.getParameter("product"))
#if($product == "")
	#set($product = 1)
#end



<chart 
	caption="Production/Orders for $productNames.get($Lib.integer($product))"
        decimalPrecision="0"
        howFCMenuItem="0"
        showPlotBorder="1"
        baseFontSize="10"
        baseFontColor="333333"
        showDivLineValues="1"
        numDivLines="4"
        showAlternateHGridColor="0"
        canvasBorderThickness="1"
        canvasBorderColor="333333"
        canvasBorderAlpha="100"
        showBorder="0"
        showLegend="1"
		legendPosition="right"
		legendBorderThickness="0"
		legendBorderColor="#ffffff"
		legendShadow="0"
        formatNumberScale="1"
        bgColor="FFFFFF"
        showValues="0"
        chartLeftMargin="0"
        chartBottomMargin="0"
        chartRightMargin="0"
        chartTopMargin="0"
        slantLabels="0"
        rotateLabels="0"
		yAxisName="Sales (Units)"
		numberSuffix=""
>
		<categories>
		#foreach($step in [0..$endStep])
			#if($step == 0 || $step == 4 || $step == 8 || $step == 12)
				#set($label = $step + 2015)
			#else
				#set($label = "")
			#end
			<category name="$label" hoverText="Year $label"/>
		#end
		</categories>
		<dataset seriesname="Production" 
	          showValues="0" 
	          drawAnchors="1" 
	          anchorBgColor="$lineGraphColors.get(2)"
	          anchorRadius="2" 
	          color="$lineGraphColors.get(2)" 
	          alpha="80"
			  renderAs="Line">
	
		#foreach($step in [0..$currentStep])
		<set value="$Formatter.number($Values.get("Product Unit Sales[$product]").getResult($step), '###0')"  
		   toolText="$productNames.get($Lib.integer($product)): $Formatter.number($Values.get("Product Unit Sales[$product]").getResult($step), '###0')M Units Produced"
		/>
		#end
	   </dataset>
	   
	   <dataset seriesname="Orders" 
	          showValues="0" 
	          drawAnchors="1" 
	          anchorBgColor="$lineGraphColors.get(1)"
	          anchorRadius="2" 
	          color="$lineGraphColors.get(1)" 
	          alpha="80"
			  renderAs="Line">
	
		#foreach($step in [0..$currentStep])
		<set value="$Formatter.number($Values.get("Product Unit Orders[$product]").getResult($step), '###0')"  
		   toolText="$productNames.get($Lib.integer($product)): $Formatter.number($Values.get("Product Unit Orders[$product]").getResult($step), '###0') Units Ordered"
		/>
		#end
	   </dataset>
		
		<dataset seriesname="Lost Sales" 
	          showValues="0" 
	          drawAnchors="1" 
	          anchorBgColor="$lineGraphColors.get(5)"
	          anchorRadius="2" 
	          color="$lineGraphColors.get(5)" 
	          alpha="80"
			  renderAs="Line">
	
		#foreach($step in [0..$currentStep])
		<set value="$Formatter.number($Values.get("Lost Sales[$product]").getResult($step), '###0')"  
		   toolText="$productNames.get($Lib.integer($product)): $Formatter.number($Values.get("Lost Sales[$product]").getResult($step), '###0') Orders Lost"
		/>
		#end
	   </dataset>

	   
	   
	   




</chart> 
