#parse('include/usr_vars.txt')##
#set($selectedProduct = $Lib.getParameter("product"))
#if($selectedProduct == "")
	#set($selectedProduct = 1)
#end

<chart 
	caption="Capacity"
        decimalPrecision="0"
        howFCMenuItem="0"
        showPlotBorder="1"
        baseFontSize="10"
        baseFontColor="333333"
        showDivLineValues="1"
        numDivLines="4"
        showAlternateHGridColor="0"
        canvasBorderThickness="1"
        canvasBorderColor="333333"
        canvasBorderAlpha="100"
        showBorder="0"
        showLegend="1"
		legendPosition="right"
		legendBorderThickness="0"
		legendBorderColor="#ffffff"
		legendShadow="0"
        formatNumberScale="1"
        bgColor="FFFFFF"
        chartLeftMargin="0"
        chartBottomMargin="10"
        chartRightMargin="20"
        chartTopMargin="10"
        slantLabels="0"
        rotateLabels="0"
		showValues="0" 
		plotGradientColor=""
		numberSuffix=""
>
	
	<categories>
	#foreach($step in [0..$currentStep])
		#set($r = $step + 2015)
		
		#if($step % 4 == 0)
			<category name="$r" hoverText="Year $r"/>
		#elseif($previousStep < 4)
			<category name="$r" hoverText="Year $r"/>
		#else
			<category/>
		#end
	#end
	</categories>
	
	
	<dataset plotGradientColor="" color="$lineGraphColors.get(2)">
	#foreach($step in [0..$currentStep])
		<set value="$Formatter.number($Values.get("Capacity[$selectedProduct]").getResult($step), '###0')"  
			toolText="Capacity: $Formatter.number($Values.get("Capacity[$selectedProduct]").getResult($step), '###0')"
		/>
	#end
	</dataset>
	
	<dataset ratio="100,100" color="$lineGraphColors.get(5)">
	#foreach($step in [0..$currentStep])
		<set value="$Formatter.number($Values.get("Lost Sales[$selectedProduct]").getResult($step), '###0')"  
			toolText="Orders: $Formatter.number($Values.get("Product Unit Orders[$selectedProduct]").getResult($step), '###0')"  
		/>
	#end
	</dataset>

</chart> 