#parse('include/usr_vars.txt')##
#set($selectedProduct = $Lib.getParameter("product"))
#if($selectedProduct == "")
	#set($selectedProduct = 1)
#end

<chart 
	caption="Capacity/Production for $productNames.get($Lib.integer($selectedProduct))"
        decimalPrecision="0"
        howFCMenuItem="0"
        showPlotBorder="1"
        baseFontSize="10"
        baseFontColor="333333"
        showDivLineValues="1"
        numDivLines="4"
        showAlternateHGridColor="0"
        canvasBorderThickness="1"
        canvasBorderColor="333333"
        canvasBorderAlpha="100"
        showBorder="0"
        showLegend="1"
		legendPosition="right"
		legendBorderThickness="0"
		legendBorderColor="#ffffff"
		legendShadow="0"
        formatNumberScale="1"
        bgColor="FFFFFF"
        showValues="0"
        chartLeftMargin="0"
        chartBottomMargin="10"
        chartRightMargin="0"
        chartTopMargin="10"
        slantLabels="0"
        rotateLabels="0"
>

		<categories>
		#foreach($step in [0..$endStep])
			#if($step == 0 || $step == 4 || $step == 8 || $step == 12)
				#set($label = $step + 2015)
			#else
				#set($label = "")
			#end
			<category name="$label" hoverText="Year $label"/>
		#end
		</categories>

   <dataset seriesname="Production" 
          showValues="0" 
          drawAnchors="1" 
          anchorBgColor="$lineGraphColors.get(1)"
          anchorRadius="2" 
          color="$lineGraphColors.get(1)" 
          lineThickness="1">


       	
		#foreach($step in [0..$currentStep])
		#set($value = $Values.get("Product Unit Sales[$selectedProduct]").getResult($step))
		#set($value = $Formatter.number($value,'##0'))
			<set value="$value"  
			   toolText="$value Production"
			/>
		#end
   </dataset>
   
   <dataset seriesname="Capacity" 
          showValues="0" 
          drawAnchors="1" 
          anchorBgColor="$lineGraphColors.get(2)"
          anchorRadius="2" 
          color="$lineGraphColors.get(2)" 
          lineThickness="1">

		#foreach($step in [0..$currentStep])
		#set($value = $Values.get("Capacity[$selectedProduct]").getResult($step))
		#set($value = $Formatter.number($value,'##0'))
			<set value="$value"  
			   toolText="Capacity $value"
			/>
		#end
   </dataset>




</chart> 
