
<chart 
  caption="$displayCaption" 
  lowerLimit="0" 
  upperLimit="100"
  baseFontSize="10"
  baseFontColor="333333"
  canvasBorderThickness="1"
  canvasBorderColor="333333"
  canvasBorderAlpha="100"
  showBorder="0"
  bgColor="FFFFFF"
  bgAlpha="0"
  showValues="0"
  chartLeftMargin="10"
  chartBottomMargin="20"
  chartRightMargin="15"
  chartTopMargin="20"
  ticksBelowGauge="0"
>
    <colorRange>
       <color minValue="0" maxValue="30" code="$BarGraphColors.get(0)" label="Bad"/>
	   <color minValue="30" maxValue="50" code="$BarGraphColors.get(1)" label="Avg"/>
	   <color minValue="50" maxValue="100" code="$BarGraphColors.get(2)" label="Good"/>
    </colorRange>
    <pointers>
      <pointer value="$displayVal" />
    </pointers>
</chart> 
