#parse("include/fac.txt")

#set($decn = $Lib.getParameter("decn"))
#set($outputs = ["Total Unit Sales", "Total Employees"])

#set($cohortParam = $Lib.getParameter("cohort"))

#set($step = $Lib.integer($Lib.getParameter('forstep')))
#set($resultStep = $Lib.getParameter('forstep'))

#parse("htm/fac_results/getFilteredRuns.txt")


#set($productivitySum = 0)
#set($avgProductivity = 0)
#set($sampleSize = 0)
#foreach($run in $filteredRuns)
	#set($totalUnitSales = $run.Values.get("Total Unit Sales").Results.get($step).Result)
	#set($totalEmployees = $run.Values.get("Total Employees").Results.get($step).Result)
	
	#if($totalUnitSales && $totalEmployees)
		#set($sampleSize = $sampleSize + 1)
		#set($productivity = ($totalUnitSales / $totalEmployees))
		#set($productivitySum = $productivitySum + $productivity)
	#end
#end
#set($avgProductivity = $productivitySum / $filteredRuns.size())

<chart 
  caption="Employee Productivity" 
  lowerLimit="0" 
  upperLimit="100"
  baseFontSize="10"
  baseFontColor="333333"
  canvasBorderThickness="1"
  canvasBorderColor="333333"
  canvasBorderAlpha="100"
  showBorder="0"
  bgColor="FFFFFF"
  bgAlpha="0"
  showValues="0"
  chartLeftMargin="10"
  chartBottomMargin="20"
  chartRightMargin="15"
  chartTopMargin="20"
  ticksBelowGauge="0"
>
    <colorRange>
       <color minValue="0" maxValue="30" code="$BarGraphColors.get(0)" label="Bad"/>
	   <color minValue="30" maxValue="50" code="$BarGraphColors.get(1)" label="Avg"/>
	   <color minValue="50" maxValue="100" code="$BarGraphColors.get(2)" label="Good"/>
    </colorRange>
    <pointers>
      <pointer value="$Formatter.number($avgProductivity,'###')" />
    </pointers>
</chart> 
