#parse("include/fac.txt")

#set($decn = $Lib.getParameter("decn"))
#set($outputs = ["PlayerRole[~]", "Employee Stress[~]"])

#set($cohortParam = $Lib.getParameter("cohort"))

#set($resultStep = $Lib.getParameter('forstep'))

#parse("htm/fac_results/getFilteredRuns.txt")

#set($forStep = $Lib.integer($Lib.getParameter('forstep')))

#set($stressSum = 0)
#set($sampleSize = 0)
#foreach($run in $filteredRuns)
	#set($thisTeam = $Lib.integer($run.Team))
	#set($stressPerTeam = 0 )
	#foreach($user in $Teams.get($thisTeam).Users)
		
		#set($playerRole = $user.Role)
		#set($simRoleIndex = $run.Values.get("PlayerRole[$playerRole]").Result)
		#set($simRoleIndex = $Lib.integer($simRoleIndex))
			
		
		#set($stress = $run.Values.get("Employee Stress[$simRoleIndex]").Results.get($forStep).Result)
		#set($stress = $Lib.integer($stress))
		#set($stressPerTeam = $stressPerTeam + $stress)
	#end
	#if($stressPerTeam > 0 )
		#set($sampleSize = $sampleSize + 1)
	#end
	#set($stressSum = $stressSum + ($stressPerTeam * 100 / 6))
#end

#set($avgStress = $stressSum / $sampleSize)

<!-- $filteredRuns.size() -->

<chart 
  caption="Employee Stress" 
  lowerLimit="0" 
  upperLimit="100"
  baseFontSize="10"
  baseFontColor="333333"
  canvasBorderThickness="1"
  canvasBorderColor="333333"
  canvasBorderAlpha="100"
  showBorder="0"
  bgColor="FFFFFF"
  bgAlpha="0"
  showValues="0"
  chartLeftMargin="10"
  chartBottomMargin="20"
  chartRightMargin="15"
  chartTopMargin="20"
  ticksBelowGauge="0"
>
    <colorRange>
		 <color minValue="75" maxValue="30" code="$BarGraphColors.get(0)" label="Low"/>
 		 <color minValue="95" maxValue="50" code="$BarGraphColors.get(1)" label=""/>
 		 <color minValue="105" maxValue="100" code="$BarGraphColors.get(2)" label="High"/>
    </colorRange>
    <pointers>
      <pointer value="$Formatter.number($avgStress,'###')" />
    </pointers>
</chart> 
