#parse("include/usr_vars.txt")##
#set($value = $Values.get("Employee Stress[$departmentID]").Result)
#set($value = $value * 100)

<chart 
	caption="Employee Stress" 
	lowerLimit="75" 
	upperLimit="150"
	baseFontSize="10"
	baseFontColor="333333"
	canvasBorderThickness="1"
	canvasBorderColor="333333"
	canvasBorderAlpha="100"
	showBorder="0"
	bgColor="FFFFFF"
	bgAlpha="0"
	showValues="0"
	chartLeftMargin="20"
	chartBottomMargin="40"
	chartRightMargin="20"
	chartTopMargin="10"
	ticksBelowGauge="0"
	numberSuffix="%"
>
<colorRange>
  <color minValue="75" maxValue="95" code="$MSGraphColors.get(1)" label="Low"/>
  <color minValue="95" maxValue="105" code="$MSGraphColors.get(3)" label=""/>
  <color minValue="105" maxValue="150" code="$MSGraphColors.get(5)" label="High"/>
</colorRange>
<pointers>
	<pointer value="$Formatter.number($value,'##')" />
</pointers>



</chart> 
