#parse("include/usr_vars.txt")##
#set($value = $Values.get("Productivity Per Employee[$departmentID]").Result)

<chart 
	caption="Employee Productivity" 
	lowerLimit="0.5" 
	upperLimit="1.7"
	baseFontSize="10"
	baseFontColor="333333"
	canvasBorderThickness="1"
	canvasBorderColor="333333"
	canvasBorderAlpha="100"
	showBorder="0"
	bgColor="FFFFFF"
	bgAlpha="0"
	showValues="0"
	chartLeftMargin="10"
	chartBottomMargin="20"
	chartRightMargin="15"
	chartTopMargin="20"
	ticksBelowGauge="0"
>
<colorRange>
  <color minValue="0.5" maxValue="0.9" code="$MSGraphColors.get(1)" label="Bad"/>
  <color minValue="0.9" maxValue="1.3" code="$MSGraphColors.get(3)" label="Avg"/>
  <color minValue="1.3" maxValue="1.7" code="$MSGraphColors.get(5)" label="Good"/>
</colorRange>
<pointers>
	<pointer value="$Formatter.number($value,'#.0')" />
</pointers>



</chart> 
